Age,Salary,Gender,Purchased
-0.9013951468349981,-0.7631548399099862,1,0
-0.29077262801128984,-0.12393112784863008,0,1
0.0,-0.397884147303497,0,0
0.8432406212327397,0.0,1,1
-0.6396997816248374,-0.6718371667583639,1,0
2.151717447283543,2.4329637203967946,0,1
0.0,0.3783160744852926,1,1
-1.1630905120451587,-0.8544725130616085,0,0
